-- phpMyAdmin SQL Dump
-- version 4.8.4
-- https://www.phpmyadmin.net/
--
-- Host: 127.0.0.1
-- Generation Time: Jul 26, 2019 at 03:27 PM
-- Server version: 10.1.37-MariaDB
-- PHP Version: 7.3.0

SET SQL_MODE = "NO_AUTO_VALUE_ON_ZERO";
SET AUTOCOMMIT = 0;
START TRANSACTION;
SET time_zone = "+00:00";


/*!40101 SET @OLD_CHARACTER_SET_CLIENT=@@CHARACTER_SET_CLIENT */;
/*!40101 SET @OLD_CHARACTER_SET_RESULTS=@@CHARACTER_SET_RESULTS */;
/*!40101 SET @OLD_COLLATION_CONNECTION=@@COLLATION_CONNECTION */;
/*!40101 SET NAMES utf8mb4 */;

--
-- Database: `account_esta`
--

-- --------------------------------------------------------

--
-- Table structure for table `customer_bill_history`
--

CREATE TABLE `customer_bill_history` (
  `bill_id` int(11) NOT NULL,
  `customer_id` int(11) NOT NULL,
  `product_id` int(11) NOT NULL,
  `bill_product_qty` int(11) NOT NULL,
  `bill_product_price` float NOT NULL,
  `product_total` int(11) NOT NULL,
  `invoice_id` int(11) NOT NULL,
  `bill_date` date DEFAULT NULL,
  `created_on` datetime NOT NULL DEFAULT CURRENT_TIMESTAMP
) ENGINE=InnoDB DEFAULT CHARSET=latin1;

--
-- Dumping data for table `customer_bill_history`
--

INSERT INTO `customer_bill_history` (`bill_id`, `customer_id`, `product_id`, `bill_product_qty`, `bill_product_price`, `product_total`, `invoice_id`, `bill_date`, `created_on`) VALUES
(10, 2, 3, 50, 100, 5000, 7, '2019-07-19', '2019-07-26 18:28:46'),
(11, 2, 1, 80, 250, 20000, 7, '2019-07-19', '2019-07-26 18:28:46'),
(12, 2, 6, 50, 150, 7500, 7, '2019-07-19', '2019-07-26 18:28:46'),
(13, 2, 4, 78, 120, 9360, 7, '2019-07-19', '2019-07-26 18:28:46'),
(14, 14, 5, 45, 700, 31500, 8, '2019-07-19', '2019-07-26 18:28:46'),
(15, 14, 5, 23, 50, 1150, 8, '2019-07-19', '2019-07-26 18:28:46'),
(16, 14, 6, 90, 500, 45000, 8, '2019-07-19', '2019-07-26 18:28:46'),
(17, 4, 3, 45, 100, 4500, 9, '2019-07-19', '2019-07-26 18:28:46'),
(18, 4, 5, 90, 250, 22500, 9, '2019-07-19', '2019-07-26 18:28:46'),
(19, 4, 6, 70, 3000, 210000, 9, '2019-07-19', '2019-07-26 18:28:46'),
(20, 4, 3, 45, 100, 4500, 10, '2019-07-19', '2019-07-26 18:28:46'),
(21, 4, 5, 90, 250, 22500, 10, '2019-07-19', '2019-07-26 18:28:46'),
(22, 4, 6, 70, 3000, 210000, 10, '2019-07-19', '2019-07-26 18:28:46'),
(23, 13, 3, 35, 700, 24500, 11, '2019-07-19', '2019-07-26 18:28:46'),
(24, 13, 4, 50, 900, 45000, 11, '2019-07-19', '2019-07-26 18:28:46'),
(25, 13, 4, 45, 200, 9000, 12, '2019-07-19', '2019-07-26 18:28:46'),
(26, 13, 6, 80, 350, 28000, 12, '2019-07-19', '2019-07-26 18:28:46'),
(27, 1, 4, 45, 200, 9000, 13, '2019-07-19', '2019-07-26 18:28:46'),
(28, 1, 6, 78, 250, 19500, 13, '2019-07-19', '2019-07-26 18:28:46'),
(29, 1, 3, 23, 520, 11960, 13, '2019-07-19', '2019-07-26 18:28:46'),
(30, 15, 3, 45, 100, 4500, 14, '2019-07-19', '2019-07-26 18:28:46'),
(31, 15, 4, 20, 200, 4000, 14, '2019-07-19', '2019-07-26 18:28:46'),
(32, 15, 1, 78, 230, 17940, 14, '2019-07-19', '2019-07-26 18:28:46'),
(33, 1, 3, 399, 10, 3990, 15, '2019-07-19', '2019-07-26 18:28:46'),
(34, 1, 6, 20, 150, 3000, 15, '2019-07-19', '2019-07-26 18:28:46'),
(35, 1, 5, 78, 56, 4368, 15, '2019-07-19', '2019-07-26 18:28:46'),
(36, 1, 3, 399, 10, 3990, 16, '2019-07-19', '2019-07-26 18:28:46'),
(37, 1, 6, 20, 150, 3000, 16, '2019-07-19', '2019-07-26 18:28:46'),
(38, 1, 5, 78, 56, 4368, 16, '2019-07-19', '2019-07-26 18:28:46'),
(39, 1, 1, 33, 100, 3300, 17, '2019-07-19', '2019-07-26 18:28:46'),
(40, 1, 5, 89, 67, 5963, 17, '2019-07-19', '2019-07-26 18:28:46'),
(41, 1, 6, 45, 34, 1530, 17, '2019-07-19', '2019-07-26 18:28:46'),
(42, 1, 1, 33, 100, 3300, 18, '2019-07-19', '2019-07-26 18:28:46'),
(43, 1, 5, 89, 67, 5963, 18, '2019-07-19', '2019-07-26 18:28:46'),
(44, 1, 6, 45, 34, 1530, 18, '2019-07-19', '2019-07-26 18:28:46'),
(45, 1, 1, 33, 100, 3300, 19, '2019-07-19', '2019-07-26 18:28:46'),
(46, 1, 5, 89, 67, 5963, 19, '2019-07-19', '2019-07-26 18:28:46'),
(47, 1, 6, 45, 34, 1530, 19, '2019-07-19', '2019-07-26 18:28:46'),
(48, 1, 1, 33, 100, 3300, 20, '2019-07-19', '2019-07-26 18:28:46'),
(49, 1, 5, 89, 67, 5963, 20, '2019-07-19', '2019-07-26 18:28:46'),
(50, 1, 6, 45, 34, 1530, 20, '2019-07-19', '2019-07-26 18:28:46'),
(51, 14, 3, 43, 67, 2881, 21, '2019-07-19', '2019-07-26 18:28:46'),
(52, 14, 3, 43, 67, 2881, 22, '2019-07-19', '2019-07-26 18:28:46'),
(53, 14, 3, 43, 67, 2881, 23, '2019-07-19', '2019-07-26 18:28:46'),
(54, 3, 4, 250, 250, 62500, 24, '2019-07-19', '2019-07-26 18:28:46'),
(55, 16, 3, 25, 500, 12500, 25, '2019-07-20', '2019-07-26 18:28:46'),
(56, 16, 6, 89, 450, 40050, 25, '2019-07-20', '2019-07-26 18:28:46'),
(57, 16, 1, 23, 560, 12880, 25, '2019-07-20', '2019-07-26 18:28:46'),
(58, 1, 5, 78, 100, 7800, 26, '2019-07-20', '2019-07-26 18:28:46'),
(59, 1, 6, 12, 23, 276, 26, '2019-07-20', '2019-07-26 18:28:46'),
(60, 1, 5, 56, 100, 5600, 26, '2019-07-20', '2019-07-26 18:28:46'),
(61, 15, 3, 50, 700, 35000, 27, '2019-07-20', '2019-07-26 18:28:46'),
(62, 15, 6, 39, 560, 21840, 27, '2019-07-20', '2019-07-26 18:28:46'),
(63, 1, 1, 43, 3, 129, 28, '2019-07-21', '2019-07-26 18:28:46'),
(64, 1, 3, 40, 34, 1360, 28, '2019-07-21', '2019-07-26 18:28:46'),
(65, 1, 6, 45, 54, 2430, 28, '2019-07-21', '2019-07-26 18:28:46'),
(66, 1, 1, 200, 10, 2000, 29, '2019-07-21', '2019-07-26 18:28:46'),
(67, 1, 1, 500, 20, 10000, 29, '2019-07-21', '2019-07-26 18:28:46'),
(68, 1, 1, 100, 10, 1000, 29, '2019-07-21', '2019-07-26 18:28:46'),
(69, 14, 1, 34, 500, 17000, 30, '2019-07-21', '2019-07-26 18:28:46'),
(70, 14, 4, 780, 45, 35100, 30, '2019-07-21', '2019-07-26 18:28:46'),
(71, 14, 5, 25, 500, 12500, 30, '2019-07-21', '2019-07-26 18:28:46'),
(72, 16, 1, 50, 600, 30000, 31, '2019-07-21', '2019-07-26 18:28:46'),
(73, 16, 3, 30, 780, 23400, 31, '2019-07-21', '2019-07-26 18:28:46'),
(74, 16, 6, 150, 450, 67500, 31, '2019-07-21', '2019-07-26 18:28:46'),
(75, 13, 1, 45, 800, 36000, 32, '2019-07-21', '2019-07-26 18:28:46'),
(76, 13, 3, 30, 100, 3000, 33, '2019-07-21', '2019-07-26 18:28:46'),
(77, 13, 5, 50, 700, 35000, 33, '2019-07-21', '2019-07-26 18:28:46'),
(78, 13, 3, 30, 100, 3000, 34, '2019-07-21', '2019-07-26 18:28:46'),
(79, 13, 5, 50, 700, 35000, 34, '2019-07-21', '2019-07-26 18:28:46'),
(80, 3, 3, 20, 100, 2000, 35, '2019-07-21', '2019-07-26 18:28:46'),
(81, 3, 4, 36, 780, 28080, 35, '2019-07-21', '2019-07-26 18:28:46'),
(82, 3, 6, 45, 55, 2475, 35, '2019-07-21', '2019-07-26 18:28:46'),
(83, 3, 4, 23, 12, 276, 36, '2019-07-21', '2019-07-26 18:28:46'),
(84, 3, 3, 20, 45, 900, 37, '2019-07-21', '2019-07-26 18:28:46'),
(85, 3, 4, 78, 150, 11700, 37, '2019-07-21', '2019-07-26 18:28:46'),
(86, 3, 6, 780, 200, 156000, 37, '2019-07-21', '2019-07-26 18:28:46'),
(87, 3, 3, 20, 45, 900, 38, '2019-07-21', '2019-07-26 18:28:46'),
(88, 3, 4, 78, 150, 11700, 38, '2019-07-21', '2019-07-26 18:28:46'),
(89, 3, 6, 780, 200, 156000, 38, '2019-07-21', '2019-07-26 18:28:46'),
(90, 3, 5, 12, 452, 5424, 39, '2019-07-21', '2019-07-26 18:28:46'),
(91, 16, 6, 456, 78, 35568, 40, '2019-07-21', '2019-07-26 18:28:46'),
(92, 4, 1, 34, 23, 782, 41, '2019-07-21', '2019-07-26 18:28:46'),
(93, 14, 4, 23, 456, 10488, 42, '2019-07-21', '2019-07-26 18:28:46'),
(94, 2, 5, 23, 455, 10465, 43, '2019-07-21', '2019-07-26 18:28:46'),
(95, 2, 4, 345, 34, 11730, 44, '2019-07-21', '2019-07-26 18:28:46'),
(96, 4, 4, 12, 21, 252, 45, '2019-07-21', '2019-07-26 18:28:46'),
(97, 14, 1, 34, 500, 17000, 46, '2019-07-21', '2019-07-26 18:28:46'),
(98, 14, 4, 60, 560, 33600, 46, '2019-07-21', '2019-07-26 18:28:46'),
(99, 14, 5, 340, 400, 136000, 46, '2019-07-21', '2019-07-26 18:28:46'),
(100, 4, 5, 34, 560, 19040, 47, '2019-07-21', '2019-07-26 18:28:46'),
(101, 13, 4, 134, 23, 3082, 48, '2019-07-21', '2019-07-26 18:28:46'),
(102, 13, 5, 345, 34, 11730, 49, '2019-07-21', '2019-07-26 18:28:46'),
(103, 3, 3, 34, 345, 11730, 50, '2019-07-24', '2019-07-26 18:28:46'),
(104, 3, 6, 34, 678, 23052, 50, '2019-07-24', '2019-07-26 18:28:46'),
(105, 1, 3, 23, 23, 529, 51, '2019-07-25', '2019-07-26 18:28:46'),
(106, 1, 4, 3232, 323, 1043936, 51, '2019-07-25', '2019-07-26 18:28:46'),
(107, 1, 5, 232, 232, 53824, 51, '2019-07-25', '2019-07-26 18:28:46'),
(108, 3, 4, 23, 322, 7406, 52, '2019-07-25', '2019-07-26 18:28:46'),
(109, 3, 5, 321, 324, 104004, 52, '2019-07-25', '2019-07-26 18:28:46'),
(110, 3, 6, 232, 3232, 749824, 52, '2019-07-25', '2019-07-26 18:28:46'),
(111, 1, 6, 3, 5678, 17034, 53, '2019-07-26', '2019-07-26 18:28:46'),
(112, 1, 5, 78, 34, 2652, 53, '2019-07-26', '2019-07-26 18:28:46'),
(113, 1, 1, 234, 65, 15210, 53, '2019-07-26', '2019-07-26 18:28:46'),
(114, 1, 1, 34, 234, 7956, 54, '2019-07-26', '2019-07-26 18:28:46'),
(115, 1, 4, 45, 34, 1530, 54, '2019-07-26', '2019-07-26 18:28:46'),
(116, 1, 1, 34, 567, 19278, 55, '2019-07-26', '2019-07-26 18:28:46'),
(117, 1, 5, 10, 1000, 10000, 56, '2019-07-26', '2019-07-26 18:28:46'),
(118, 1, 5, 23, 32, 736, 57, '2019-07-26', '2019-07-26 18:33:06');

-- --------------------------------------------------------

--
-- Table structure for table `customer_master`
--

CREATE TABLE `customer_master` (
  `customer_id` int(11) NOT NULL,
  `customer_name` varchar(25) NOT NULL,
  `customer_city` varchar(20) NOT NULL,
  `customer_phone_no` varchar(15) NOT NULL,
  `created_on` datetime NOT NULL DEFAULT CURRENT_TIMESTAMP
) ENGINE=InnoDB DEFAULT CHARSET=latin1;

--
-- Dumping data for table `customer_master`
--

INSERT INTO `customer_master` (`customer_id`, `customer_name`, `customer_city`, `customer_phone_no`, `created_on`) VALUES
(1, 'Prit Pambhar', 'Rajkot', '123456789', '2019-07-26 18:29:16'),
(2, 'Darshit Rathod', 'Dhoraji', '4567789123', '2019-07-26 18:29:16'),
(3, 'Mihir Shukla ', 'Jetpur', '789456213', '2019-07-26 18:29:16'),
(4, 'Mishil Dobariya ', 'Mumbai', '159263487', '2019-07-26 18:29:16'),
(13, 'Krunal Parsana', 'Mota mava', '7567163164', '2019-07-26 18:29:16'),
(14, 'Deep Kakkad', 'Kagdadi', '4561230578', '2019-07-26 18:29:16'),
(15, 'Madhav Maheta', 'Patan', '7894561230', '2019-07-26 18:29:16'),
(16, 'Abhay Kathrotiya', 'Kankot', '7894561230', '2019-07-26 18:29:16');

-- --------------------------------------------------------

--
-- Table structure for table `invoice_master`
--

CREATE TABLE `invoice_master` (
  `invoice_id` int(11) NOT NULL,
  `customer_id` int(11) NOT NULL,
  `invoice_date` date DEFAULT NULL,
  `invoice_grand_total` int(11) NOT NULL,
  `credit` int(11) NOT NULL,
  `debit` int(11) NOT NULL,
  `created_on` datetime NOT NULL DEFAULT CURRENT_TIMESTAMP
) ENGINE=InnoDB DEFAULT CHARSET=latin1;

--
-- Dumping data for table `invoice_master`
--

INSERT INTO `invoice_master` (`invoice_id`, `customer_id`, `invoice_date`, `invoice_grand_total`, `credit`, `debit`, `created_on`) VALUES
(7, 2, '2019-07-19', 0, 0, 0, '2019-07-26 18:29:37'),
(8, 14, '2019-07-19', 0, 0, 0, '2019-07-26 18:29:37'),
(9, 4, '2019-07-19', 0, 0, 0, '2019-07-26 18:29:37'),
(10, 4, '2019-07-19', 0, 0, 0, '2019-07-26 18:29:37'),
(11, 13, '2019-07-19', 0, 0, 0, '2019-07-26 18:29:37'),
(12, 13, '2019-07-19', 0, 0, 0, '2019-07-26 18:29:37'),
(13, 1, '2019-07-19', 0, 0, 0, '2019-07-26 18:29:37'),
(14, 15, '2019-07-19', 0, 0, 0, '2019-07-26 18:29:37'),
(15, 1, '2019-07-19', 0, 0, 0, '2019-07-26 18:29:37'),
(16, 1, '2019-07-19', 0, 0, 0, '2019-07-26 18:29:37'),
(17, 1, '2019-07-19', 0, 0, 0, '2019-07-26 18:29:37'),
(18, 1, '2019-07-19', 0, 0, 0, '2019-07-26 18:29:37'),
(19, 1, '2019-07-19', 0, 0, 0, '2019-07-26 18:29:37'),
(20, 1, '2019-07-19', 0, 0, 0, '2019-07-26 18:29:37'),
(21, 14, '2019-07-19', 0, 0, 0, '2019-07-26 18:29:37'),
(22, 14, '2019-07-19', 0, 0, 0, '2019-07-26 18:29:37'),
(23, 14, '2019-07-19', 0, 0, 0, '2019-07-26 18:29:37'),
(24, 3, '2019-07-19', 0, 0, 0, '2019-07-26 18:29:37'),
(25, 16, '2019-07-20', 0, 0, 0, '2019-07-26 18:29:37'),
(26, 1, '2019-07-20', 0, 0, 0, '2019-07-26 18:29:37'),
(27, 15, '2019-07-20', 56840, 7800, 49040, '2019-07-26 18:29:37'),
(28, 1, '2019-07-21', 3919, 0, 0, '2019-07-26 18:29:37'),
(29, 1, '2019-07-21', 13000, 10000, 3000, '2019-07-26 18:29:37'),
(30, 14, '2019-07-21', 64600, 4503, 60097, '2019-07-26 18:29:37'),
(31, 16, '2019-07-21', 120900, 10000, 110900, '2019-07-26 18:29:37'),
(32, 13, '2019-07-21', 36000, 0, 36000, '2019-07-26 18:29:37'),
(33, 13, '2019-07-21', 38000, 100000, 93000, '2019-07-26 18:29:37'),
(34, 13, '2019-07-21', 38000, 30000, 8000, '2019-07-26 18:29:37'),
(35, 3, '2019-07-21', 32555, 25000, 7555, '2019-07-26 18:29:37'),
(36, 3, '2019-07-21', 276, 56, 219, '2019-07-26 18:29:37'),
(37, 3, '2019-07-21', 168600, 8000, 160600, '2019-07-26 18:29:37'),
(38, 3, '2019-07-21', 168600, 8000, 160600, '2019-07-26 18:29:37'),
(39, 3, '2019-07-21', 5424, 0, 5424, '2019-07-26 18:29:37'),
(40, 16, '2019-07-21', 35568, 0, 35567, '2019-07-26 18:29:37'),
(41, 4, '2019-07-21', 782, 0, 7822, '2019-07-26 18:29:37'),
(42, 14, '2019-07-21', 10488, 7520, 2968, '2019-07-26 18:29:37'),
(43, 2, '2019-07-21', 10465, 890, 9575, '2019-07-26 18:29:37'),
(44, 2, '2019-07-21', 11730, 2345, 9385, '2019-07-26 18:29:37'),
(45, 4, '2019-07-21', 252, 21, 231, '2019-07-26 18:29:37'),
(46, 14, '2019-07-21', 186600, 86000, 100600, '2019-07-26 18:29:37'),
(47, 4, '2019-07-21', 19040, 1789, 17251, '2019-07-26 18:29:37'),
(48, 13, '2019-07-21', 3082, 2342, 740, '2019-07-26 18:29:37'),
(49, 13, '2019-07-21', 11730, 43, 11686, '2019-07-26 18:29:37'),
(50, 3, '2019-07-24', 34782, 34000, 782, '2019-07-26 18:29:37'),
(51, 1, '2019-07-25', 1098289, 232213, 866076, '2019-07-26 18:29:37'),
(52, 3, '2019-07-25', 861234, 32321, 828913, '2019-07-26 18:29:37'),
(53, 1, '2019-07-26', 34896, 30000, 4896, '2019-07-26 18:29:37'),
(54, 1, '2019-07-26', 9486, 8000, 1486, '2019-07-26 18:29:37'),
(55, 1, '2019-07-26', 19278, 278, 19000, '2019-07-26 18:29:37'),
(56, 1, '2019-07-26', 10000, 5000, 5000, '2019-07-26 18:29:37'),
(57, 1, '2019-07-26', 736, 500, 236, '2019-07-26 18:33:05');

-- --------------------------------------------------------

--
-- Table structure for table `product_master`
--

CREATE TABLE `product_master` (
  `product_id` int(11) NOT NULL,
  `product_name` varchar(35) NOT NULL,
  `supplier_id` int(11) NOT NULL,
  `product_qty` int(11) NOT NULL,
  `updated_on` date NOT NULL,
  `created_on` datetime NOT NULL DEFAULT CURRENT_TIMESTAMP
) ENGINE=InnoDB DEFAULT CHARSET=latin1;

--
-- Dumping data for table `product_master`
--

INSERT INTO `product_master` (`product_id`, `product_name`, `supplier_id`, `product_qty`, `updated_on`, `created_on`) VALUES
(1, 'A', 1, 10, '0000-00-00', '2019-07-19 00:00:00'),
(3, 'B', 1, 150, '0000-00-00', '2019-07-19 00:00:00'),
(4, 'C', 1, 200, '0000-00-00', '2019-07-19 00:00:00'),
(5, 'E', 1, 250, '0000-00-00', '2019-07-19 00:00:00'),
(6, 'D', 1, 300, '0000-00-00', '2019-07-19 00:00:00');

-- --------------------------------------------------------

--
-- Table structure for table `supplier_master`
--

CREATE TABLE `supplier_master` (
  `supplier_id` int(11) NOT NULL,
  `supplier_name` varchar(35) NOT NULL,
  `supplier_mobile` varchar(15) NOT NULL,
  `supplier_city` varchar(25) NOT NULL,
  `created_on` datetime NOT NULL DEFAULT CURRENT_TIMESTAMP
) ENGINE=InnoDB DEFAULT CHARSET=latin1;

--
-- Dumping data for table `supplier_master`
--

INSERT INTO `supplier_master` (`supplier_id`, `supplier_name`, `supplier_mobile`, `supplier_city`, `created_on`) VALUES
(1, 'supply-a', '7567163164', 'rajkot', '2019-07-26 18:30:51');

-- --------------------------------------------------------

--
-- Table structure for table `transaction_master`
--

CREATE TABLE `transaction_master` (
  `transaction_id` int(11) NOT NULL,
  `customer_id` int(11) NOT NULL,
  `transaction_date` date NOT NULL,
  `credit` int(11) NOT NULL,
  `invoice_id` int(11) DEFAULT NULL,
  `created_on` datetime NOT NULL DEFAULT CURRENT_TIMESTAMP
) ENGINE=InnoDB DEFAULT CHARSET=latin1;

--
-- Dumping data for table `transaction_master`
--

INSERT INTO `transaction_master` (`transaction_id`, `customer_id`, `transaction_date`, `credit`, `invoice_id`, `created_on`) VALUES
(1, 3, '2019-07-25', 0, NULL, '2019-07-26 18:31:13'),
(9, 3, '2019-07-25', 2343, NULL, '2019-07-26 18:31:13'),
(10, 4, '2019-07-25', 400, NULL, '2019-07-26 18:31:13'),
(11, 1, '2019-07-25', 3780, NULL, '2019-07-26 18:31:13'),
(12, 4, '2019-07-26', 4567, NULL, '2019-07-26 18:31:13'),
(13, 4, '2019-07-26', 4567, NULL, '2019-07-26 18:31:13'),
(14, 4, '2019-07-26', 4567, NULL, '2019-07-26 18:31:13'),
(15, 4, '2019-07-26', 4567, NULL, '2019-07-26 18:31:13'),
(16, 4, '2019-07-26', 4567, NULL, '2019-07-26 18:31:13'),
(17, 1, '2019-07-26', 50021, NULL, '2019-07-26 18:31:13'),
(18, 1, '2019-07-26', 2000, NULL, '2019-07-26 18:31:13'),
(19, 1, '2019-07-26', 232, NULL, '2019-07-26 18:31:13'),
(20, 1, '2019-07-26', 40000, NULL, '2019-07-26 18:31:13'),
(21, 1, '2019-07-26', 700000, NULL, '2019-07-26 18:31:13'),
(22, 1, '2019-07-26', 425, NULL, '2019-07-26 18:31:13'),
(23, 1, '2019-07-26', 100000, NULL, '2019-07-26 18:34:06');

--
-- Indexes for dumped tables
--

--
-- Indexes for table `customer_bill_history`
--
ALTER TABLE `customer_bill_history`
  ADD PRIMARY KEY (`bill_id`),
  ADD KEY `customer_id` (`customer_id`),
  ADD KEY `product_id` (`product_id`),
  ADD KEY `invoice_id` (`invoice_id`);

--
-- Indexes for table `customer_master`
--
ALTER TABLE `customer_master`
  ADD PRIMARY KEY (`customer_id`);

--
-- Indexes for table `invoice_master`
--
ALTER TABLE `invoice_master`
  ADD PRIMARY KEY (`invoice_id`),
  ADD KEY `customer_id` (`customer_id`);

--
-- Indexes for table `product_master`
--
ALTER TABLE `product_master`
  ADD PRIMARY KEY (`product_id`),
  ADD KEY `supplier_id` (`supplier_id`);

--
-- Indexes for table `supplier_master`
--
ALTER TABLE `supplier_master`
  ADD PRIMARY KEY (`supplier_id`);

--
-- Indexes for table `transaction_master`
--
ALTER TABLE `transaction_master`
  ADD PRIMARY KEY (`transaction_id`),
  ADD KEY `customer_id` (`customer_id`);

--
-- AUTO_INCREMENT for dumped tables
--

--
-- AUTO_INCREMENT for table `customer_bill_history`
--
ALTER TABLE `customer_bill_history`
  MODIFY `bill_id` int(11) NOT NULL AUTO_INCREMENT, AUTO_INCREMENT=119;

--
-- AUTO_INCREMENT for table `customer_master`
--
ALTER TABLE `customer_master`
  MODIFY `customer_id` int(11) NOT NULL AUTO_INCREMENT, AUTO_INCREMENT=17;

--
-- AUTO_INCREMENT for table `invoice_master`
--
ALTER TABLE `invoice_master`
  MODIFY `invoice_id` int(11) NOT NULL AUTO_INCREMENT, AUTO_INCREMENT=58;

--
-- AUTO_INCREMENT for table `product_master`
--
ALTER TABLE `product_master`
  MODIFY `product_id` int(11) NOT NULL AUTO_INCREMENT, AUTO_INCREMENT=7;

--
-- AUTO_INCREMENT for table `supplier_master`
--
ALTER TABLE `supplier_master`
  MODIFY `supplier_id` int(11) NOT NULL AUTO_INCREMENT, AUTO_INCREMENT=2;

--
-- AUTO_INCREMENT for table `transaction_master`
--
ALTER TABLE `transaction_master`
  MODIFY `transaction_id` int(11) NOT NULL AUTO_INCREMENT, AUTO_INCREMENT=24;

--
-- Constraints for dumped tables
--

--
-- Constraints for table `customer_bill_history`
--
ALTER TABLE `customer_bill_history`
  ADD CONSTRAINT `customer_bill_history_ibfk_1` FOREIGN KEY (`product_id`) REFERENCES `product_master` (`product_id`),
  ADD CONSTRAINT `customer_bill_history_ibfk_2` FOREIGN KEY (`invoice_id`) REFERENCES `invoice_master` (`invoice_id`),
  ADD CONSTRAINT `customer_bill_history_ibfk_3` FOREIGN KEY (`customer_id`) REFERENCES `customer_master` (`customer_id`);

--
-- Constraints for table `invoice_master`
--
ALTER TABLE `invoice_master`
  ADD CONSTRAINT `invoice_master_ibfk_1` FOREIGN KEY (`customer_id`) REFERENCES `customer_master` (`customer_id`);

--
-- Constraints for table `product_master`
--
ALTER TABLE `product_master`
  ADD CONSTRAINT `product_master_ibfk_1` FOREIGN KEY (`supplier_id`) REFERENCES `supplier_master` (`supplier_id`);

--
-- Constraints for table `transaction_master`
--
ALTER TABLE `transaction_master`
  ADD CONSTRAINT `transaction_master_ibfk_1` FOREIGN KEY (`customer_id`) REFERENCES `customer_master` (`customer_id`);
COMMIT;

/*!40101 SET CHARACTER_SET_CLIENT=@OLD_CHARACTER_SET_CLIENT */;
/*!40101 SET CHARACTER_SET_RESULTS=@OLD_CHARACTER_SET_RESULTS */;
/*!40101 SET COLLATION_CONNECTION=@OLD_COLLATION_CONNECTION */;
